{
  "strategy": "head_only",
  "epochs": 5,
  "lr": 0.001,
  "seed": 42,
  "data_root": "/home/clebinho/uff/computer_vision/xai_and_fine_tuning/src/data/chest_xray",
  "checkpoint": "/home/clebinho/uff/computer_vision/xai_and_fine_tuning/checkpoints/resnet50_head_only.pt",
  "best_epoch_by_val_auc": 5,
  "best_val_auc": 0.984301555776233,
  "class_weights": [
    1.9636846780776978,
    0.6708018183708191
  ],
  "train_class_counts": {
    "0": 1129,
    "1": 3305
  },
  "validation": {
    "n_samples": 782,
    "accuracy": 0.887468030690537,
    "error_rate": 0.11253196930946296,
    "accuracy_percent": 88.75,
    "error_percent": 11.25,
    "auc_roc": 0.984301555776233,
    "f1": 0.9169811320754717,
    "precision": 0.9918367346938776,
    "recall": 0.8526315789473684,
    "confusion_matrix": [
      [
        208,
        4
      ],
      [
        84,
        486
      ]
    ],
    "split": "validation"
  },
  "test": {
    "n_samples": 624,
    "accuracy": 0.8717948717948718,
    "error_rate": 0.1282051282051282,
    "accuracy_percent": 87.18,
    "error_percent": 12.82,
    "auc_roc": 0.9300460223537146,
    "f1": 0.8941798941798942,
    "precision": 0.9234972677595629,
    "recall": 0.8666666666666667,
    "confusion_matrix": [
      [
        206,
        28
      ],
      [
        52,
        338
      ]
    ],
    "split": "test"
  },
  "notes": "accuracy_percent = fração de acertos × 100; error_percent = fração de erros × 100. confusion_matrix sklearn com classes ordenadas [0,1]: [[TN, FP], [FN, TP]]."
}
