{
  "strategy": "xai_guided",
  "base_checkpoint": "/home/clebinho/uff/computer_vision/xai_and_fine_tuning/checkpoints/resnet50_full_finetune.pt",
  "epochs": 3,
  "lr": 1e-05,
  "alpha": 2.0,
  "seed": 42,
  "max_cam_images": 500,
  "best_epoch_by_val_auc": 1,
  "best_val_auc": 0.9963091691492884,
  "class_weights": [
    1.9636846780776978,
    0.6708018183708191
  ],
  "overlap_stats": {
    "n": 500,
    "mean": 0.385672,
    "median": 0.382992,
    "max": 0.705463,
    "focused": 5,
    "partial": 445,
    "distracted": 50
  },
  "validation": {
    "n_samples": 782,
    "accuracy": 0.9373401534526854,
    "error_rate": 0.0626598465473146,
    "accuracy_percent": 93.73,
    "error_percent": 6.27,
    "auc_roc": 0.9963091691492884,
    "f1": 0.9551692589204026,
    "precision": 0.9980879541108987,
    "recall": 0.9157894736842105,
    "confusion_matrix": [
      [
        211,
        1
      ],
      [
        48,
        522
      ]
    ],
    "split": "validation"
  },
  "test": {
    "n_samples": 624,
    "accuracy": 0.9102564102564102,
    "error_rate": 0.08974358974358976,
    "accuracy_percent": 91.03,
    "error_percent": 8.97,
    "auc_roc": 0.9663269778654394,
    "f1": 0.93,
    "precision": 0.9073170731707317,
    "recall": 0.9538461538461539,
    "confusion_matrix": [
      [
        196,
        38
      ],
      [
        18,
        372
      ]
    ],
    "split": "test"
  },
  "notes": "XAI-guided fine-tuning: pesos per-sample = 1 + alpha * overlap_score. accuracy_percent = fração de acertos × 100. confusion_matrix sklearn: [[TN, FP], [FN, TP]]."
}
